district,seat_count,party,base_vote_pct
Adana,15,AKP,19.9
Adana,15,CHP,41.3
Adana,15,IYI,6.8
Adana,15,DEM,6.6
Adana,15,MHP,13
Adana,15,YRP,3.2
Adana,15,TIP,0.4
Adana,15,ZAFER,2.3
Adana,15,BBP,2.1
Adana,15,SAADET,0.9
Adıyaman,5,AKP,35
Adıyaman,5,CHP,26.2
Adıyaman,5,IYI,1.5
Adıyaman,5,DEM,6
Adıyaman,5,MHP,4.9
Adıyaman,5,YRP,13.2
Adıyaman,5,TIP,0.3
Adıyaman,5,ZAFER,0.1
Adıyaman,5,BBP,1.5
Adıyaman,5,SAADET,4
Afyonkarahisar,6,AKP,35
Afyonkarahisar,6,CHP,25.3
Afyonkarahisar,6,IYI,6.7
Afyonkarahisar,6,DEM,0.1
Afyonkarahisar,6,MHP,22.2
Afyonkarahisar,6,YRP,5.3
Afyonkarahisar,6,TIP,0.2
Afyonkarahisar,6,ZAFER,1.1
Afyonkarahisar,6,BBP,1.1
Afyonkarahisar,6,SAADET,1
Ağrı,4,AKP,26.2
Ağrı,4,CHP,6.1
Ağrı,4,IYI,1.9
Ağrı,4,DEM,46.2
Ağrı,4,MHP,2.3
Ağrı,4,YRP,8.5
Ağrı,4,TIP,0
Ağrı,4,ZAFER,0.5
Ağrı,4,BBP,0.7
Ağrı,4,SAADET,1.4
Amasya,3,AKP,34.5
Amasya,3,CHP,35.1
Amasya,3,IYI,3.3
Amasya,3,DEM,0
Amasya,3,MHP,20
Amasya,3,YRP,3.6
Amasya,3,TIP,0.2
Amasya,3,ZAFER,0.6
Amasya,3,BBP,0.4
Amasya,3,SAADET,0.7
Ankara-1,13,AKP,28.1
Ankara-1,13,CHP,49.4
Ankara-1,13,IYI,2.9
Ankara-1,13,DEM,1
Ankara-1,13,MHP,4.7
Ankara-1,13,YRP,4.6
Ankara-1,13,TIP,0.8
Ankara-1,13,ZAFER,3.8
Ankara-1,13,BBP,1.3
Ankara-1,13,SAADET,0.8
Ankara-2,13,AKP,28.1
Ankara-2,13,CHP,49.4
Ankara-2,13,IYI,2.9
Ankara-2,13,DEM,1
Ankara-2,13,MHP,4.7
Ankara-2,13,YRP,4.6
Ankara-2,13,TIP,0.8
Ankara-2,13,ZAFER,3.8
Ankara-2,13,BBP,1.3
Ankara-2,13,SAADET,0.8
Ankara-3,13,AKP,28.1
Ankara-3,13,CHP,49.4
Ankara-3,13,IYI,2.9
Ankara-3,13,DEM,1
Ankara-3,13,MHP,4.7
Ankara-3,13,YRP,4.6
Ankara-3,13,TIP,0.8
Ankara-3,13,ZAFER,3.8
Ankara-3,13,BBP,1.3
Ankara-3,13,SAADET,0.8
Antalya,18,AKP,27.4
Antalya,18,CHP,46.4
Antalya,18,IYI,6.2
Antalya,18,DEM,2.9
Antalya,18,MHP,6
Antalya,18,YRP,1.7
Antalya,18,TIP,0.7
Antalya,18,ZAFER,2.5
Antalya,18,BBP,0.9
Antalya,18,SAADET,0.7
Artvin,2,AKP,36.4
Artvin,2,CHP,37.7
Artvin,2,IYI,4.3
Artvin,2,DEM,0.1
Artvin,2,MHP,11.8
Artvin,2,YRP,4.1
Artvin,2,TIP,0.9
Artvin,2,ZAFER,0.1
Artvin,2,BBP,0.7
Artvin,2,SAADET,0.9
Aydın,8,AKP,19.4
Aydın,8,CHP,46.7
Aydın,8,IYI,8.5
Aydın,8,DEM,3.4
Aydın,8,MHP,14.1
Aydın,8,YRP,1.1
Aydın,8,TIP,0.7
Aydın,8,ZAFER,1.8
Aydın,8,BBP,0.4
Aydın,8,SAADET,0.5
Balıkesir,9,AKP,37.7
Balıkesir,9,CHP,45.4
Balıkesir,9,IYI,5.5
Balıkesir,9,DEM,0.8
Balıkesir,9,MHP,1.4
Balıkesir,9,YRP,3.4
Balıkesir,9,TIP,0.6
Balıkesir,9,ZAFER,1.5
Balıkesir,9,BBP,0.5
Balıkesir,9,SAADET,0.9
Bilecik,2,AKP,27.3
Bilecik,2,CHP,33.5
Bilecik,2,IYI,13.3
Bilecik,2,DEM,0
Bilecik,2,MHP,11
Bilecik,2,YRP,7.4
Bilecik,2,TIP,0.4
Bilecik,2,ZAFER,0.8
Bilecik,2,BBP,1.3
Bilecik,2,SAADET,1
Bingöl,3,AKP,33.1
Bingöl,3,CHP,4.4
Bingöl,3,IYI,1.1
Bingöl,3,DEM,19.8
Bingöl,3,MHP,3.5
Bingöl,3,YRP,17.2
Bingöl,3,TIP,0
Bingöl,3,ZAFER,0.4
Bingöl,3,BBP,0.8
Bingöl,3,SAADET,1.2
Bitlis,3,AKP,32.1
Bitlis,3,CHP,2.6
Bitlis,3,IYI,2.6
Bitlis,3,DEM,35.3
Bitlis,3,MHP,4.2
Bitlis,3,YRP,13.1
Bitlis,3,TIP,0
Bitlis,3,ZAFER,0.2
Bitlis,3,BBP,2
Bitlis,3,SAADET,2.8
Bolu,3,AKP,32.1
Bolu,3,CHP,33.3
Bolu,3,IYI,2
Bolu,3,DEM,0.4
Bolu,3,MHP,19.1
Bolu,3,YRP,4.7
Bolu,3,TIP,0.4
Bolu,3,ZAFER,1.4
Bolu,3,BBP,3.1
Bolu,3,SAADET,1.6
Burdur,3,AKP,35.6
Burdur,3,CHP,34.5
Burdur,3,IYI,4.7
Burdur,3,DEM,0.1
Burdur,3,MHP,18.3
Burdur,3,YRP,2
Burdur,3,TIP,0.3
Burdur,3,ZAFER,1
Burdur,3,BBP,0.5
Burdur,3,SAADET,1.3
Bursa-1,11,AKP,35.4
Bursa-1,11,CHP,39
Bursa-1,11,IYI,4.8
Bursa-1,11,DEM,2.2
Bursa-1,11,MHP,1.7
Bursa-1,11,YRP,6.9
Bursa-1,11,TIP,0.2
Bursa-1,11,ZAFER,4.1
Bursa-1,11,BBP,0.3
Bursa-1,11,SAADET,2.4
Bursa-2,11,AKP,35.4
Bursa-2,11,CHP,39
Bursa-2,11,IYI,4.8
Bursa-2,11,DEM,2.2
Bursa-2,11,MHP,1.7
Bursa-2,11,YRP,6.9
Bursa-2,11,TIP,0.2
Bursa-2,11,ZAFER,4.1
Bursa-2,11,BBP,0.3
Bursa-2,11,SAADET,2.4
Çanakkale,4,AKP,30.5
Çanakkale,4,CHP,39.7
Çanakkale,4,IYI,13.2
Çanakkale,4,DEM,1.1
Çanakkale,4,MHP,9.4
Çanakkale,4,YRP,1.1
Çanakkale,4,TIP,0.6
Çanakkale,4,ZAFER,1.7
Çanakkale,4,BBP,0.5
Çanakkale,4,SAADET,0.4
Çankırı,2,AKP,38.5
Çankırı,2,CHP,7.1
Çankırı,2,IYI,3.6
Çankırı,2,DEM,0
Çankırı,2,MHP,42.2
Çankırı,2,YRP,4.2
Çankırı,2,TIP,0.2
Çankırı,2,ZAFER,0.1
Çankırı,2,BBP,0.3
Çankırı,2,SAADET,1
Çorum,4,AKP,34.1
Çorum,4,CHP,26.2
Çorum,4,IYI,3.7
Çorum,4,DEM,0
Çorum,4,MHP,20.1
Çorum,4,YRP,9
Çorum,4,TIP,0.2
Çorum,4,ZAFER,1.7
Çorum,4,BBP,1.2
Çorum,4,SAADET,1.3
Denizli,7,AKP,30.5
Denizli,7,CHP,47.7
Denizli,7,IYI,7
Denizli,7,DEM,1.2
Denizli,7,MHP,2.6
Denizli,7,YRP,3.7
Denizli,7,TIP,0.2
Denizli,7,ZAFER,2.2
Denizli,7,BBP,2.1
Denizli,7,SAADET,0.3
Diyarbakır,12,AKP,17.1
Diyarbakır,12,CHP,3.8
Diyarbakır,12,IYI,0.3
Diyarbakır,12,DEM,62.6
Diyarbakır,12,MHP,0
Diyarbakır,12,YRP,4.1
Diyarbakır,12,TIP,0
Diyarbakır,12,ZAFER,0.3
Diyarbakır,12,BBP,0.2
Diyarbakır,12,SAADET,0.8
Edirne,4,AKP,32.5
Edirne,4,CHP,48.2
Edirne,4,IYI,8.4
Edirne,4,DEM,0.2
Edirne,4,MHP,4.4
Edirne,4,YRP,0.6
Edirne,4,TIP,1.2
Edirne,4,ZAFER,1.9
Edirne,4,BBP,0.1
Edirne,4,SAADET,0.6
Elazığ,5,AKP,33.8
Elazığ,5,CHP,13.5
Elazığ,5,IYI,1.2
Elazığ,5,DEM,4.6
Elazığ,5,MHP,14.1
Elazığ,5,YRP,18.7
Elazığ,5,TIP,0.2
Elazığ,5,ZAFER,1
Elazığ,5,BBP,2.1
Elazığ,5,SAADET,4.9
Erzincan,2,AKP,28.6
Erzincan,2,CHP,27.8
Erzincan,2,IYI,1.8
Erzincan,2,DEM,0
Erzincan,2,MHP,28.8
Erzincan,2,YRP,4.2
Erzincan,2,TIP,1.5
Erzincan,2,ZAFER,0.1
Erzincan,2,BBP,1.1
Erzincan,2,SAADET,1.4
Erzurum,5,AKP,40
Erzurum,5,CHP,6.2
Erzurum,5,IYI,12.1
Erzurum,5,DEM,6.9
Erzurum,5,MHP,2.1
Erzurum,5,YRP,17.4
Erzurum,5,TIP,0.1
Erzurum,5,ZAFER,3.7
Erzurum,5,BBP,5.1
Erzurum,5,SAADET,2.1
Eskişehir,7,AKP,34.3
Eskişehir,7,CHP,48
Eskişehir,7,IYI,3.6
Eskişehir,7,DEM,0.4
Eskişehir,7,MHP,2.2
Eskişehir,7,YRP,2.3
Eskişehir,7,TIP,0.2
Eskişehir,7,ZAFER,3.5
Eskişehir,7,BBP,1.2
Eskişehir,7,SAADET,0.6
Gaziantep,14,AKP,35.5
Gaziantep,14,CHP,28.4
Gaziantep,14,IYI,2.2
Gaziantep,14,DEM,5.5
Gaziantep,14,MHP,1.6
Gaziantep,14,YRP,16.6
Gaziantep,14,TIP,0.2
Gaziantep,14,ZAFER,2.6
Gaziantep,14,BBP,1.3
Gaziantep,14,SAADET,1.2
Giresun,4,AKP,36.8
Giresun,4,CHP,29.9
Giresun,4,IYI,5.4
Giresun,4,DEM,0
Giresun,4,MHP,16.6
Giresun,4,YRP,5.7
Giresun,4,TIP,0.2
Giresun,4,ZAFER,0.6
Giresun,4,BBP,1
Giresun,4,SAADET,1.6
Gümüşhane,2,AKP,36.6
Gümüşhane,2,CHP,7.5
Gümüşhane,2,IYI,3.5
Gümüşhane,2,DEM,0
Gümüşhane,2,MHP,35
Gümüşhane,2,YRP,8.3
Gümüşhane,2,TIP,0.2
Gümüşhane,2,ZAFER,0.9
Gümüşhane,2,BBP,1.6
Gümüşhane,2,SAADET,1.6
Hakkari,3,AKP,28.3
Hakkari,3,CHP,2.7
Hakkari,3,IYI,0.2
Hakkari,3,DEM,54.1
Hakkari,3,MHP,1.5
Hakkari,3,YRP,8.1
Hakkari,3,TIP,0
Hakkari,3,ZAFER,0.9
Hakkari,3,BBP,0.6
Hakkari,3,SAADET,0.4
Hatay,10,AKP,33.1
Hatay,10,CHP,36.2
Hatay,10,IYI,3.5
Hatay,10,DEM,1
Hatay,10,MHP,5.6
Hatay,10,YRP,5.4
Hatay,10,TIP,3
Hatay,10,ZAFER,1.5
Hatay,10,BBP,1.5
Hatay,10,SAADET,1.5
Isparta,4,AKP,35.9
Isparta,4,CHP,21.7
Isparta,4,IYI,13.1
Isparta,4,DEM,0.3
Isparta,4,MHP,18.2
Isparta,4,YRP,3.4
Isparta,4,TIP,0.2
Isparta,4,ZAFER,3.1
Isparta,4,BBP,0.4
Isparta,4,SAADET,1.1
Mersin,13,AKP,9.1
Mersin,13,CHP,47.4
Mersin,13,IYI,6.9
Mersin,13,DEM,4.2
Mersin,13,MHP,23.3
Mersin,13,YRP,1.5
Mersin,13,TIP,0.6
Mersin,13,ZAFER,1.8
Mersin,13,BBP,0.5
Mersin,13,SAADET,0.5
İstanbul-1,35,AKP,38.2
İstanbul-1,35,CHP,45.7
İstanbul-1,35,IYI,1.5
İstanbul-1,35,DEM,1.7
İstanbul-1,35,MHP,0.6
İstanbul-1,35,YRP,3.8
İstanbul-1,35,TIP,0.7
İstanbul-1,35,ZAFER,3.6
İstanbul-1,35,BBP,0.4
İstanbul-1,35,SAADET,1
İstanbul-2,35,AKP,38.2
İstanbul-2,35,CHP,45.7
İstanbul-2,35,IYI,1.5
İstanbul-2,35,DEM,1.7
İstanbul-2,35,MHP,0.6
İstanbul-2,35,YRP,3.8
İstanbul-2,35,TIP,0.7
İstanbul-2,35,ZAFER,3.6
İstanbul-2,35,BBP,0.4
İstanbul-2,35,SAADET,1
İstanbul-3,35,AKP,38.2
İstanbul-3,35,CHP,45.7
İstanbul-3,35,IYI,1.5
İstanbul-3,35,DEM,1.7
İstanbul-3,35,MHP,0.6
İstanbul-3,35,YRP,3.8
İstanbul-3,35,TIP,0.7
İstanbul-3,35,ZAFER,3.6
İstanbul-3,35,BBP,0.4
İstanbul-3,35,SAADET,1
İzmir-1,14,AKP,31
İzmir-1,14,CHP,48.2
İzmir-1,14,IYI,4
İzmir-1,14,DEM,4.5
İzmir-1,14,MHP,2.3
İzmir-1,14,YRP,1.2
İzmir-1,14,TIP,1.4
İzmir-1,14,ZAFER,3.3
İzmir-1,14,BBP,0
İzmir-1,14,SAADET,0.4
İzmir-2,14,AKP,31
İzmir-2,14,CHP,48.2
İzmir-2,14,IYI,4
İzmir-2,14,DEM,4.5
İzmir-2,14,MHP,2.3
İzmir-2,14,YRP,1.2
İzmir-2,14,TIP,1.4
İzmir-2,14,ZAFER,3.3
İzmir-2,14,BBP,0
İzmir-2,14,SAADET,0.4
Kars,3,AKP,21.9
Kars,3,CHP,18.4
Kars,3,IYI,7.3
Kars,3,DEM,24.6
Kars,3,MHP,18.2
Kars,3,YRP,4.4
Kars,3,TIP,0
Kars,3,ZAFER,0
Kars,3,BBP,0.2
Kars,3,SAADET,0.2
Kastamonu,3,AKP,37.4
Kastamonu,3,CHP,24.7
Kastamonu,3,IYI,2.4
Kastamonu,3,DEM,0
Kastamonu,3,MHP,24.7
Kastamonu,3,YRP,5.5
Kastamonu,3,TIP,0.1
Kastamonu,3,ZAFER,0.8
Kastamonu,3,BBP,0.6
Kastamonu,3,SAADET,1.2
Kayseri,10,AKP,34
Kayseri,10,CHP,15.5
Kayseri,10,IYI,14
Kayseri,10,DEM,0.2
Kayseri,10,MHP,2.6
Kayseri,10,YRP,19.2
Kayseri,10,TIP,0.2
Kayseri,10,ZAFER,4.1
Kayseri,10,BBP,4.1
Kayseri,10,SAADET,3.8
Kırklareli,3,AKP,23.2
Kırklareli,3,CHP,50.5
Kırklareli,3,IYI,5.6
Kırklareli,3,DEM,0.6
Kırklareli,3,MHP,10.9
Kırklareli,3,YRP,0.6
Kırklareli,3,TIP,0.7
Kırklareli,3,ZAFER,1.8
Kırklareli,3,BBP,0.5
Kırklareli,3,SAADET,0.4
Kırşehir,2,AKP,31.3
Kırşehir,2,CHP,37.5
Kırşehir,2,IYI,4.9
Kırşehir,2,DEM,1.5
Kırşehir,2,MHP,14.7
Kırşehir,2,YRP,2.9
Kırşehir,2,TIP,0.2
Kırşehir,2,ZAFER,1.8
Kırşehir,2,BBP,2.5
Kırşehir,2,SAADET,1
Kocaeli,14,AKP,39.3
Kocaeli,14,CHP,30
Kocaeli,14,IYI,6.7
Kocaeli,14,DEM,2.7
Kocaeli,14,MHP,0
Kocaeli,14,YRP,9
Kocaeli,14,TIP,1.9
Kocaeli,14,ZAFER,3.8
Kocaeli,14,BBP,0
Kocaeli,14,SAADET,2.9
Konya,15,AKP,39.6
Konya,15,CHP,14.6
Konya,15,IYI,3.8
Konya,15,DEM,1.7
Konya,15,MHP,4.5
Konya,15,YRP,22.9
Konya,15,TIP,0.1
Konya,15,ZAFER,3.4
Konya,15,BBP,3.2
Konya,15,SAADET,3.1
Kütahya,4,AKP,33.7
Kütahya,4,CHP,18.5
Kütahya,4,IYI,3.9
Kütahya,4,DEM,0.1
Kütahya,4,MHP,25.6
Kütahya,4,YRP,12.3
Kütahya,4,TIP,0.2
Kütahya,4,ZAFER,0.8
Kütahya,4,BBP,1.4
Kütahya,4,SAADET,1.9
Malatya,6,AKP,47.2
Malatya,6,CHP,27.9
Malatya,6,IYI,1.4
Malatya,6,DEM,0.9
Malatya,6,MHP,1.6
Malatya,6,YRP,15
Malatya,6,TIP,0.5
Malatya,6,ZAFER,0.8
Malatya,6,BBP,1.6
Malatya,6,SAADET,1.4
Manisa,10,AKP,20.5
Manisa,10,CHP,45.8
Manisa,10,IYI,6.2
Manisa,10,DEM,1.7
Manisa,10,MHP,13.4
Manisa,10,YRP,4.6
Manisa,10,TIP,0.2
Manisa,10,ZAFER,1.7
Manisa,10,BBP,0.9
Manisa,10,SAADET,2.1
Kahramanmaraş,8,AKP,38.1
Kahramanmaraş,8,CHP,12.7
Kahramanmaraş,8,IYI,4.8
Kahramanmaraş,8,DEM,0.5
Kahramanmaraş,8,MHP,1.5
Kahramanmaraş,8,YRP,33.7
Kahramanmaraş,8,TIP,0.1
Kahramanmaraş,8,ZAFER,1.6
Kahramanmaraş,8,BBP,2.2
Kahramanmaraş,8,SAADET,1
Mardin,6,AKP,24.9
Mardin,6,CHP,2.8
Mardin,6,IYI,0.8
Mardin,6,DEM,53.8
Mardin,6,MHP,0
Mardin,6,YRP,6.4
Mardin,6,TIP,0
Mardin,6,ZAFER,0.2
Mardin,6,BBP,0.2
Mardin,6,SAADET,0.7
Muğla,8,AKP,25.8
Muğla,8,CHP,49.7
Muğla,8,IYI,8.5
Muğla,8,DEM,2.1
Muğla,8,MHP,6.8
Muğla,8,YRP,1
Muğla,8,TIP,1.7
Muğla,8,ZAFER,2
Muğla,8,BBP,0
Muğla,8,SAADET,0.4
Muş,3,AKP,25.2
Muş,3,CHP,4.1
Muş,3,IYI,3.6
Muş,3,DEM,43.2
Muş,3,MHP,4.2
Muş,3,YRP,9
Muş,3,TIP,0
Muş,3,ZAFER,0.3
Muş,3,BBP,0.3
Muş,3,SAADET,1
Nevşehir,3,AKP,33.5
Nevşehir,3,CHP,16.7
Nevşehir,3,IYI,15.9
Nevşehir,3,DEM,0.2
Nevşehir,3,MHP,23.9
Nevşehir,3,YRP,3.6
Nevşehir,3,TIP,0.9
Nevşehir,3,ZAFER,1.5
Nevşehir,3,BBP,1.8
Nevşehir,3,SAADET,0.9
Niğde,3,AKP,36.1
Niğde,3,CHP,24.1
Niğde,3,IYI,4.9
Niğde,3,DEM,0.1
Niğde,3,MHP,23.5
Niğde,3,YRP,4.7
Niğde,3,TIP,0.1
Niğde,3,ZAFER,0.9
Niğde,3,BBP,2.7
Niğde,3,SAADET,1.4
Ordu,6,AKP,40.8
Ordu,6,CHP,25.6
Ordu,6,IYI,19.8
Ordu,6,DEM,0.1
Ordu,6,MHP,1.8
Ordu,6,YRP,6.7
Ordu,6,TIP,0.1
Ordu,6,ZAFER,1.1
Ordu,6,BBP,1
Ordu,6,SAADET,1.1
Rize,3,AKP,45.6
Rize,3,CHP,17.1
Rize,3,IYI,3.7
Rize,3,DEM,0.1
Rize,3,MHP,14.3
Rize,3,YRP,9.3
Rize,3,TIP,0.2
Rize,3,ZAFER,1.5
Rize,3,BBP,2.4
Rize,3,SAADET,3.2
Sakarya,8,AKP,37.5
Sakarya,8,CHP,18.8
Sakarya,8,IYI,5.2
Sakarya,8,DEM,0.2
Sakarya,8,MHP,2.9
Sakarya,8,YRP,15.2
Sakarya,8,TIP,0.2
Sakarya,8,ZAFER,2.9
Sakarya,8,BBP,8.5
Sakarya,8,SAADET,5.3
Samsun,9,AKP,37.4
Samsun,9,CHP,23.7
Samsun,9,IYI,12.6
Samsun,9,DEM,0.1
Samsun,9,MHP,2
Samsun,9,YRP,16
Samsun,9,TIP,0.2
Samsun,9,ZAFER,2
Samsun,9,BBP,0.6
Samsun,9,SAADET,1.5
Siirt,3,AKP,35.7
Siirt,3,CHP,2.3
Siirt,3,IYI,0.9
Siirt,3,DEM,42.8
Siirt,3,MHP,7.8
Siirt,3,YRP,2.5
Siirt,3,TIP,0
Siirt,3,ZAFER,0.8
Siirt,3,BBP,0.5
Siirt,3,SAADET,0.6
Sinop,2,AKP,35.4
Sinop,2,CHP,28.2
Sinop,2,IYI,4.3
Sinop,2,DEM,0.1
Sinop,2,MHP,18.2
Sinop,2,YRP,8.3
Sinop,2,TIP,0.4
Sinop,2,ZAFER,0
Sinop,2,BBP,1.2
Sinop,2,SAADET,1.6
Sivas,5,AKP,27.9
Sivas,5,CHP,15.6
Sivas,5,IYI,1.7
Sivas,5,DEM,0.1
Sivas,5,MHP,17.5
Sivas,5,YRP,5.7
Sivas,5,TIP,0.4
Sivas,5,ZAFER,1.1
Sivas,5,BBP,26.2
Sivas,5,SAADET,1
Tekirdağ,8,AKP,31
Tekirdağ,8,CHP,47
Tekirdağ,8,IYI,5.9
Tekirdağ,8,DEM,3.8
Tekirdağ,8,MHP,1.7
Tekirdağ,8,YRP,4.1
Tekirdağ,8,TIP,0.4
Tekirdağ,8,ZAFER,2.6
Tekirdağ,8,BBP,0.5
Tekirdağ,8,SAADET,0.3
Tokat,5,AKP,32.4
Tokat,5,CHP,21
Tokat,5,IYI,4.3
Tokat,5,DEM,0.1
Tokat,5,MHP,32.8
Tokat,5,YRP,4.1
Tokat,5,TIP,1
Tokat,5,ZAFER,0.2
Tokat,5,BBP,1.7
Tokat,5,SAADET,1
Trabzon,6,AKP,39.8
Trabzon,6,CHP,26.2
Trabzon,6,IYI,6.7
Trabzon,6,DEM,0
Trabzon,6,MHP,2.4
Trabzon,6,YRP,11.6
Trabzon,6,TIP,0.1
Trabzon,6,ZAFER,1.6
Trabzon,6,BBP,1.4
Trabzon,6,SAADET,4.1
Tunceli,2,AKP,16.2
Tunceli,2,CHP,35.1
Tunceli,2,IYI,0.8
Tunceli,2,DEM,13.8
Tunceli,2,MHP,3.8
Tunceli,2,YRP,1.2
Tunceli,2,TIP,1.7
Tunceli,2,ZAFER,0.5
Tunceli,2,BBP,0.4
Tunceli,2,SAADET,0.2
Şanlıurfa,15,AKP,33.5
Şanlıurfa,15,CHP,2.2
Şanlıurfa,15,IYI,0.8
Şanlıurfa,15,DEM,24.1
Şanlıurfa,15,MHP,2.4
Şanlıurfa,15,YRP,29.9
Şanlıurfa,15,TIP,0.1
Şanlıurfa,15,ZAFER,0
Şanlıurfa,15,BBP,1.2
Şanlıurfa,15,SAADET,1.1
Uşak,3,AKP,28.5
Uşak,3,CHP,39.7
Uşak,3,IYI,11.4
Uşak,3,DEM,0.4
Uşak,3,MHP,12.3
Uşak,3,YRP,2.6
Uşak,3,TIP,0.2
Uşak,3,ZAFER,1.2
Uşak,3,BBP,0.7
Uşak,3,SAADET,0.8
Van,8,AKP,27.9
Van,8,CHP,3.1
Van,8,IYI,0.6
Van,8,DEM,55.2
Van,8,MHP,0
Van,8,YRP,6.3
Van,8,TIP,0
Van,8,ZAFER,0.7
Van,8,BBP,0.4
Van,8,SAADET,0.5
Yozgat,3,AKP,34.7
Yozgat,3,CHP,11.1
Yozgat,3,IYI,4.7
Yozgat,3,DEM,0
Yozgat,3,MHP,32.8
Yozgat,3,YRP,11.5
Yozgat,3,TIP,0.2
Yozgat,3,ZAFER,0.1
Yozgat,3,BBP,2.4
Yozgat,3,SAADET,0.9
Zonguldak,5,AKP,34.8
Zonguldak,5,CHP,39.3
Zonguldak,5,IYI,6
Zonguldak,5,DEM,0
Zonguldak,5,MHP,7.8
Zonguldak,5,YRP,5.9
Zonguldak,5,TIP,0.6
Zonguldak,5,ZAFER,1.5
Zonguldak,5,BBP,0.4
Zonguldak,5,SAADET,1.9
Aksaray,4,AKP,36.7
Aksaray,4,CHP,9
Aksaray,4,IYI,13.9
Aksaray,4,DEM,0.3
Aksaray,4,MHP,28.6
Aksaray,4,YRP,3.7
Aksaray,4,TIP,0.2
Aksaray,4,ZAFER,0.9
Aksaray,4,BBP,2
Aksaray,4,SAADET,0.8
Bayburt,1,AKP,43.8
Bayburt,1,CHP,6.1
Bayburt,1,IYI,4.3
Bayburt,1,DEM,0.2
Bayburt,1,MHP,28.6
Bayburt,1,YRP,8.7
Bayburt,1,TIP,0.2
Bayburt,1,ZAFER,0
Bayburt,1,BBP,1
Bayburt,1,SAADET,3.6
Karaman,3,AKP,28.7
Karaman,3,CHP,20.8
Karaman,3,IYI,2.2
Karaman,3,DEM,0.1
Karaman,3,MHP,35.7
Karaman,3,YRP,5.1
Karaman,3,TIP,0.2
Karaman,3,ZAFER,0
Karaman,3,BBP,0.1
Karaman,3,SAADET,1.4
Kırıkkale,3,AKP,28.5
Kırıkkale,3,CHP,35.8
Kırıkkale,3,IYI,2.7
Kırıkkale,3,DEM,0.1
Kırıkkale,3,MHP,21.3
Kırıkkale,3,YRP,6.6
Kırıkkale,3,TIP,0.1
Kırıkkale,3,ZAFER,1
Kırıkkale,3,BBP,1.4
Kırıkkale,3,SAADET,1
Batman,5,AKP,17.4
Batman,5,CHP,4
Batman,5,IYI,0.5
Batman,5,DEM,56
Batman,5,MHP,1.5
Batman,5,YRP,4
Batman,5,TIP,0
Batman,5,ZAFER,0.4
Batman,5,BBP,0.3
Batman,5,SAADET,1.4
Şırnak,4,AKP,24.2
Şırnak,4,CHP,5.7
Şırnak,4,IYI,0
Şırnak,4,DEM,55.5
Şırnak,4,MHP,0.9
Şırnak,4,YRP,1.9
Şırnak,4,TIP,0
Şırnak,4,ZAFER,1.8
Şırnak,4,BBP,0.4
Şırnak,4,SAADET,0.2
Bartın,2,AKP,31
Bartın,2,CHP,33.3
Bartın,2,IYI,1.8
Bartın,2,DEM,0.2
Bartın,2,MHP,16.6
Bartın,2,YRP,9.3
Bartın,2,TIP,0.3
Bartın,2,ZAFER,2
Bartın,2,BBP,0.3
Bartın,2,SAADET,2.3
Ardahan,2,AKP,28.3
Ardahan,2,CHP,28
Ardahan,2,IYI,2.7
Ardahan,2,DEM,11.9
Ardahan,2,MHP,12.4
Ardahan,2,YRP,5.6
Ardahan,2,TIP,0.7
Ardahan,2,ZAFER,0
Ardahan,2,BBP,0.3
Ardahan,2,SAADET,0.7
Iğdır,2,AKP,24.7
Iğdır,2,CHP,5.5
Iğdır,2,IYI,2.9
Iğdır,2,DEM,45
Iğdır,2,MHP,11.8
Iğdır,2,YRP,3.8
Iğdır,2,TIP,0
Iğdır,2,ZAFER,0.7
Iğdır,2,BBP,1.5
Iğdır,2,SAADET,0.1
Yalova,3,AKP,37
Yalova,3,CHP,41
Yalova,3,IYI,2.2
Yalova,3,DEM,0.6
Yalova,3,MHP,7.5
Yalova,3,YRP,3
Yalova,3,TIP,0.5
Yalova,3,ZAFER,2.6
Yalova,3,BBP,0.3
Yalova,3,SAADET,1.2
Karabük,2,AKP,36.6
Karabük,2,CHP,19.4
Karabük,2,IYI,2.6
Karabük,2,DEM,0.1
Karabük,2,MHP,21.3
Karabük,2,YRP,13.7
Karabük,2,TIP,0.2
Karabük,2,ZAFER,2.1
Karabük,2,BBP,0.3
Karabük,2,SAADET,1.8
Kilis,2,AKP,30.3
Kilis,2,CHP,33.2
Kilis,2,IYI,4
Kilis,2,DEM,0.3
Kilis,2,MHP,22.5
Kilis,2,YRP,3.7
Kilis,2,TIP,0.2
Kilis,2,ZAFER,1.3
Kilis,2,BBP,0.5
Kilis,2,SAADET,0.7
Osmaniye,4,AKP,27
Osmaniye,4,CHP,24.7
Osmaniye,4,IYI,11.5
Osmaniye,4,DEM,0
Osmaniye,4,MHP,26.2
Osmaniye,4,YRP,2.1
Osmaniye,4,TIP,0.3
Osmaniye,4,ZAFER,1.9
Osmaniye,4,BBP,1.6
Osmaniye,4,SAADET,0.9
Düzce,3,AKP,39.4
Düzce,3,CHP,13.6
Düzce,3,IYI,5.5
Düzce,3,DEM,0.3
Düzce,3,MHP,14.1
Düzce,3,YRP,20.4
Düzce,3,TIP,0.2
Düzce,3,ZAFER,1.7
Düzce,3,BBP,0.9
Düzce,3,SAADET,1.6